sifra_usluge;naziv_usluge;vrsta_cijene;jedinica_mjere;maloprodajna_cijena_eur;sidrena_cijena_2026_09_10_eur;raspon_do_eur;sidreni_raspon_do_eur;prikaz_maloprodajne_cijene;prikaz_sidrene_cijene;poseban_oblik_prodaje;naziv_posebnog_oblika_prodaje;napomena
BIO01;Kutna garnitura L;fiksna;usluga;60.00;60.00;;;60.00 EUR;60.00 EUR;ne;;Bio Light, ne kemijsko čišćenje.
BIO02;Kutna garnitura XL;fiksna;usluga;80.00;80.00;;;80.00 EUR;80.00 EUR;ne;;Bio Light, ne kemijsko čišćenje.
BIO03;Kutna garnitura XXL;fiksna;usluga;100.00;100.00;;;100.00 EUR;100.00 EUR;ne;;Bio Light, ne kemijsko čišćenje.
BIO04;Kutna garnitura XXXL;fiksna;usluga;110.00;110.00;;;110.00 EUR;110.00 EUR;ne;;Bio Light, ne kemijsko čišćenje.
BIO05;Madrac kutne garniture;fiksna;usluga;10.00;10.00;;;10.00 EUR;10.00 EUR;ne;;Bio Light, ne kemijsko čišćenje.
BIO06;Dezinfekcija kutne garniture;fiksna;usluga;20.00;20.00;;;20.00 EUR;20.00 EUR;ne;;Bio Light, ne kemijsko čišćenje.
BIO07;Fotelja;fiksna;kom;30.00;30.00;;;30.00 EUR / kom;30.00 EUR / kom;ne;;Bio Light, ne kemijsko čišćenje.
BIO08;Dvosjed;fiksna;kom;40.00;40.00;;;40.00 EUR / kom;40.00 EUR / kom;ne;;Bio Light, ne kemijsko čišćenje.
BIO09;Trosjed;fiksna;kom;50.00;50.00;;;50.00 EUR / kom;50.00 EUR / kom;ne;;Bio Light, ne kemijsko čišćenje.
BIO10;Tabure;fiksna;kom;15.00;15.00;;;15.00 EUR / kom;15.00 EUR / kom;ne;;Bio Light, ne kemijsko čišćenje.
BIO11;Stolac – samo sjedalo;fiksna;kom;10.00;10.00;;;10.00 EUR / kom;10.00 EUR / kom;ne;;Bio Light, ne kemijsko čišćenje.
BIO12;Stolac – sjedalo i naslon;fiksna;kom;15.00;15.00;;;15.00 EUR / kom;15.00 EUR / kom;ne;;Bio Light, ne kemijsko čišćenje.
BIO13;Dlake kućnih ljubimaca – namještaj;fiksna;usluga;20.00;20.00;;;20.00 EUR;20.00 EUR;ne;;Bio Light, ne kemijsko čišćenje.
BIO14;Dlake kućnih ljubimaca – automobil;fiksna;usluga;20.00;20.00;;;20.00 EUR;20.00 EUR;ne;;Bio Light, ne kemijsko čišćenje.
BIO15;Čišćenje tepiha (ovisno o materijalu);raspon;m²;7.00;7.00;9.00;9.00;7.00–9.00 EUR / m²;7.00–9.00 EUR / m²;ne;;Točna cijena unutar raspona ovisi o materijalu.
IND01;Redovno čišćenje doma – EXPRESS;po_individualnoj_procjeni;dogovoreni_opseg;;;;;Prema individualnoj procjeni;Prema individualnoj procjeni;ne;;"Površina i volumen prostora; Stupanj zaprljanosti prostora (0–10); Stupanj upijenosti prljavštine (0–10); Stupanj zakrčenosti prostora (0–10); Odabrani paket čišćenja (0–10); Opseg čišćenja (0–10); Zahtjevnost čišćenja (0–10); Posebne želje i zahtjevi (0–10); Broj čišćenja mjesečno (0–10); Broj potrebnih članova ekipe (0–10); Vrsta površina (0–10). Cijena se individualno dogovara i potvrđuje nakon procjene; nisu dostavljene fiksne jedinične tarife."
IND02;Redovno čišćenje doma – ŠPAR;po_individualnoj_procjeni;dogovoreni_opseg;;;;;Prema individualnoj procjeni;Prema individualnoj procjeni;ne;;"Površina i volumen prostora; Stupanj zaprljanosti prostora (0–10); Stupanj upijenosti prljavštine (0–10); Stupanj zakrčenosti prostora (0–10); Odabrani paket čišćenja (0–10); Opseg čišćenja (0–10); Zahtjevnost čišćenja (0–10); Posebne želje i zahtjevi (0–10); Broj čišćenja mjesečno (0–10); Broj potrebnih članova ekipe (0–10); Vrsta površina (0–10). Cijena se individualno dogovara i potvrđuje nakon procjene; nisu dostavljene fiksne jedinične tarife."
IND03;Redovno čišćenje doma – ARGENTUM;po_individualnoj_procjeni;dogovoreni_opseg;;;;;Prema individualnoj procjeni;Prema individualnoj procjeni;ne;;"Površina i volumen prostora; Stupanj zaprljanosti prostora (0–10); Stupanj upijenosti prljavštine (0–10); Stupanj zakrčenosti prostora (0–10); Odabrani paket čišćenja (0–10); Opseg čišćenja (0–10); Zahtjevnost čišćenja (0–10); Posebne želje i zahtjevi (0–10); Broj čišćenja mjesečno (0–10); Broj potrebnih članova ekipe (0–10); Vrsta površina (0–10). Cijena se individualno dogovara i potvrđuje nakon procjene; nisu dostavljene fiksne jedinične tarife."
IND04;Redovno čišćenje doma – PLATINUM;po_individualnoj_procjeni;dogovoreni_opseg;;;;;Prema individualnoj procjeni;Prema individualnoj procjeni;ne;;"Površina i volumen prostora; Stupanj zaprljanosti prostora (0–10); Stupanj upijenosti prljavštine (0–10); Stupanj zakrčenosti prostora (0–10); Odabrani paket čišćenja (0–10); Opseg čišćenja (0–10); Zahtjevnost čišćenja (0–10); Posebne želje i zahtjevi (0–10); Broj čišćenja mjesečno (0–10); Broj potrebnih članova ekipe (0–10); Vrsta površina (0–10). Cijena se individualno dogovara i potvrđuje nakon procjene; nisu dostavljene fiksne jedinične tarife."
IND05;Generalno čišćenje;po_individualnoj_procjeni;dogovoreni_opseg;;;;;Prema individualnoj procjeni;Prema individualnoj procjeni;ne;;"Površina i volumen prostora; Stupanj zaprljanosti prostora (0–10); Stupanj upijenosti prljavštine (0–10); Stupanj zakrčenosti prostora (0–10); Odabrani paket čišćenja (0–10); Opseg čišćenja (0–10); Zahtjevnost čišćenja (0–10); Posebne želje i zahtjevi (0–10); Broj čišćenja mjesečno (0–10); Broj potrebnih članova ekipe (0–10); Vrsta površina (0–10). Cijena se individualno dogovara i potvrđuje nakon procjene; nisu dostavljene fiksne jedinične tarife."
IND06;Čišćenje stubišta – EXPRESS;po_individualnoj_procjeni;dogovoreni_opseg;;;;;Prema individualnoj procjeni;Prema individualnoj procjeni;ne;;"Površina i volumen prostora; Stupanj zaprljanosti prostora (0–10); Stupanj upijenosti prljavštine (0–10); Stupanj zakrčenosti prostora (0–10); Odabrani paket čišćenja (0–10); Opseg čišćenja (0–10); Zahtjevnost čišćenja (0–10); Posebne želje i zahtjevi (0–10); Broj čišćenja mjesečno (0–10); Broj potrebnih članova ekipe (0–10); Vrsta površina (0–10). Cijena se individualno dogovara i potvrđuje nakon procjene; nisu dostavljene fiksne jedinične tarife."
IND07;Čišćenje stubišta – ARGENTUM;po_individualnoj_procjeni;dogovoreni_opseg;;;;;Prema individualnoj procjeni;Prema individualnoj procjeni;ne;;"Površina i volumen prostora; Stupanj zaprljanosti prostora (0–10); Stupanj upijenosti prljavštine (0–10); Stupanj zakrčenosti prostora (0–10); Odabrani paket čišćenja (0–10); Opseg čišćenja (0–10); Zahtjevnost čišćenja (0–10); Posebne želje i zahtjevi (0–10); Broj čišćenja mjesečno (0–10); Broj potrebnih članova ekipe (0–10); Vrsta površina (0–10). Cijena se individualno dogovara i potvrđuje nakon procjene; nisu dostavljene fiksne jedinične tarife."
IND08;Čišćenje poslovnih prostora;po_individualnoj_procjeni;dogovoreni_opseg;;;;;Prema individualnoj procjeni;Prema individualnoj procjeni;ne;;"Površina i volumen prostora; Stupanj zaprljanosti prostora (0–10); Stupanj upijenosti prljavštine (0–10); Stupanj zakrčenosti prostora (0–10); Odabrani paket čišćenja (0–10); Opseg čišćenja (0–10); Zahtjevnost čišćenja (0–10); Posebne želje i zahtjevi (0–10); Broj čišćenja mjesečno (0–10); Broj potrebnih članova ekipe (0–10); Vrsta površina (0–10). Cijena se individualno dogovara i potvrđuje nakon procjene; nisu dostavljene fiksne jedinične tarife."
IND09;Ostale usluge po dogovoru;po_individualnoj_procjeni;dogovoreni_opseg;;;;;Prema individualnoj procjeni;Prema individualnoj procjeni;ne;;"Površina i volumen prostora; Stupanj zaprljanosti prostora (0–10); Stupanj upijenosti prljavštine (0–10); Stupanj zakrčenosti prostora (0–10); Odabrani paket čišćenja (0–10); Opseg čišćenja (0–10); Zahtjevnost čišćenja (0–10); Posebne želje i zahtjevi (0–10); Broj čišćenja mjesečno (0–10); Broj potrebnih članova ekipe (0–10); Vrsta površina (0–10). Cijena se individualno dogovara i potvrđuje nakon procjene; nisu dostavljene fiksne jedinične tarife."
